{"n":39.386724,"s":38.36002,"e":-77.683879,"w":-76.513284}
